cluster_names,cluster_num,ZR,ZF,ZM,ZC
customer0,51308,-0.619629,0.009268,0.073573,-0.140856
customer1,28139,1.1957,-0.072901,-0.181256,-0.258384
customer2,33,-0.925242,38.766931,27.481037,0.301234
customer3,3745,-0.486877,0.079187,0.111774,3.868566
